Rank,Name,Country,Task_1,Task_2,Task_3,Task_4,Task_5,Task_6,Task_7,Task_8,Score,Rel_score(%),Award
1,Jiangqi Dai,China,100,100.0,100,100,100.00,100.00, , ,600.00,100.00,Gold
1,Shaoxuan Tang,China,100,100.0,100,100,100.00,100.00, , ,600.00,100.00,Gold
3,Hangrui Zhou,China,100,100.0,100,100,100.00,55.00, , ,555.00,92.50,Gold
3,Junkai Zhang,China,100,100.0,100,100,100.00,55.00, , ,555.00,92.50,Gold
5,Hankai Zhang,United States of America,100,80.0,100,100,99.56,55.00, , ,534.56,89.09,Gold
6,Zixiang Zhou,Canada,100,100.0,77,100,100.00,55.00, , ,532.00,88.67,Gold
7,Roman Yanushevskyi,Ukraine,100,72.0,60,100,91.29,100.00, , ,523.29,87.22,Gold
8,Timothy Feng,United States of America,100,80.0,40,100,100.00,100.00, , ,520.00,86.67,Gold
9,Aleksandr Babin,No country,100,80.0,77,100,99.89,55.00, , ,511.89,85.31,Gold
10,Koosha Moosavi,Iran,100,80.0,77,100,93.04,55.00, , ,505.04,84.17,Gold
11,Vsevolod Nagibin,No country,100,80.0,58,100,99.90,55.00, , ,492.90,82.15,Gold
12,Alireza Kaviani,Iran,100,65.0,100,100,70.00,55.00, , ,490.00,81.67,Gold
13,Dorijan Lendvaj,Croatia,100,100.0,58,100,99.95,29.00, , ,486.95,81.16,Gold
14,Oleh Naver,Ukraine,100,90.0,41,100,99.89,55.00, , ,485.89,80.98,Gold
15,Ashley Aragorn Khoo,Singapore,100,90.0,60,34,99.89,100.00, , ,483.89,80.65,Gold
16,Daiki Kodama,Japan,100,90.0,41,100,93.68,55.00, , ,479.68,79.95,Gold
17,Yuto Watanabe,Japan,100,80.0,44,100,100.00,55.00, , ,479.00,79.83,Gold
18,Alexandru Luchianov,Romania,100,65.0,60,100,96.29,55.00, , ,476.29,79.38,Gold
19,Elliot En-Yi Liu,Taiwan,100,48.5,77,100,89.98,55.00, , ,470.48,78.41,Gold
20,Patrick Pavić,Croatia,100,65.0,100,100,50.00,55.00, , ,470.00,78.33,Gold
21,Benjamin Chen,United States of America,100,80.0,27,100,99.89,55.00, , ,461.89,76.98,Gold
22,Taehwan Jang,Republic of Korea,100,53.0,58,100,93.05,55.00, , ,459.05,76.51,Gold
23,Yui Tamura,Japan,3,100.0,100,100,99.89,55.00, , ,457.89,76.31,Gold
24,Yuki Tanaka,Japan,100,50.0,58,100,91.49,55.00, , ,454.49,75.75,Gold
25,Danil Klisch,No country,100,80.0,41,100,56.21,55.00, , ,432.21,72.03,Gold
26,Younguk Jo,Republic of Korea,67,51.5,58,100,99.78,55.00, , ,431.28,71.88,Gold
27,Daniel Weber,Israel,70,53.0,58,100,89.75,55.00, , ,425.75,70.96,Gold
28,Benjamin Bajd,Slovenia,100,72.0,41,100,57.14,55.00, , ,425.14,70.86,Gold
29,Hsin-Wei Hou,Taiwan,100,65.0,58,100,39.06,55.00, , ,417.06,69.51,Gold
30,Bach Tran Xuan,Vietnam,100,48.5,41,100,71.49,55.00, , ,415.99,69.33,Gold
31,Eliška Macáková,Slovakia,100,65.0,4,100,95.39,34.00, , ,398.39,66.40,Silver
32,Kacper Paciorek,Poland,100,65.0,0,100,100.00,33.10, , ,398.10,66.35,Silver
33,Jerry Zirui Li,Australia,46,65.0,41,100,89.88,55.00, , ,396.88,66.15,Silver
34,Allen Pei,Canada,100,65.0,41,34,99.89,55.00, , ,394.89,65.81,Silver
35,Jan Strzeszyński,Poland,70,56.0,23,100,90.00,55.00, , ,394.00,65.67,Silver
36,Rain Jiang,United States of America,100,65.0,60,100,10.00,57.10, , ,392.10,65.35,Silver
37,Blagojche Pavleski,North Macedonia,100,39.5,15,100,77.14,55.00, , ,386.64,64.44,Silver
38,Ditbul Ban,Republic of Korea,53,80.0,58,34,100.00,55.00, , ,380.00,63.33,Silver
39,Luca Perju Verzotti,Romania,67,65.0,0,100,99.89,36.15, , ,368.04,61.34,Silver
40,Cheng U Ian,"Macao, China",67,90.0,15,34,99.95,55.00, , ,360.95,60.16,Silver
41,Kshitij Sodani,India,100,80.0,27,34,58.93,55.00, , ,354.93,59.16,Silver
42,Sanghoon Park,Republic of Korea,70,72.0,27,34,96.10,55.00, , ,354.10,59.02,Silver
43,Manuel Darío Oliver Ballesteros,Cuba,100,65.0,41,0,99.89,41.50, , ,347.39,57.90,Silver
44,Daniil Zabauski,No country,64,65.0,37,34,90.24,55.00, , ,345.24,57.54,Silver
45,Alireza Samimi,Iran,100,51.5,27,100,10.00,55.00, , ,343.50,57.25,Silver
46,Michał Stawarz,Poland,3,36.5,60,100,90.33,51.75, , ,341.58,56.93,Silver
47,Atanas Dimitrov,Bulgaria,47,48.5,44,100,47.05,55.00, , ,341.55,56.92,Silver
48,Man Tsung Yeung,"Hong Kong, China",100,90.0,27,18,69.73,34.00, , ,338.73,56.45,Silver
49,Che Liu,Taiwan,100,50.0,41,34,57.14,55.00, , ,337.14,56.19,Silver
50,Lucas Schwebler,Germany,61,56.0,15,46,57.93,100.00, , ,335.93,55.99,Silver
51,Ryan Bai,Canada,67,80.0,60,34,25.00,55.00, , ,321.00,53.50,Silver
52,Jovan Bengin,Serbia,100,65.0,41,22,57.77,31.00, , ,316.77,52.80,Silver
53,Alexandru-Raul Todoran,Romania,55,38.0,0,100,62.50,55.00, , ,310.50,51.75,Silver
54,Tan Si Jie,Singapore,100,50.0,41,22,41.57,55.00, , ,309.57,51.59,Silver
55,Andy van Horssen,Netherlands,47,72.0,11,100,53.13,26.00, , ,309.13,51.52,Silver
56,Farhan Ahmad,Bangladesh,53,47.0,29,34,90.96,55.00, , ,308.96,51.49,Silver
57,Leonardo Valente Nascimento,Brazil,100,41.0,41,100,25.00,0.00, , ,307.00,51.17,Silver
58,Eitan Elbaum,Israel,32,50.0,41,34,94.45,55.00, , ,306.45,51.08,Silver
59,Vladyslav Denysiuk,Ukraine,100,65.0,27,34,25.00,55.00, , ,306.00,51.00,Silver
60,Alperen Tupurtu,Türkiye,100,56.0,15,18,61.81,55.00, , ,305.81,50.97,Silver
61,Erekle Roinishvili,United Kingdom,46,100.0,4,18,82.04,55.00, , ,305.04,50.84,Silver
62,Albert Yulius Ramahalim,Indonesia,67,56.0,41,34,50.00,55.00, , ,303.00,50.50,Silver
63,Arthur Wenqi Sun,Australia,78,80.0,4,13,87.67,39.40, , ,302.07,50.34,Silver
64,Alon Tanay,Israel,32,90.0,27,34,60.31,55.00, , ,298.31,49.72,Silver
65,Joshua Chen,Australia,46,72.0,41,22,62.00,55.00, , ,298.00,49.67,Silver
66,Paras Kasmalkar,India,70,48.5,41,22,60.30,55.00, , ,296.80,49.47,Silver
67,Mateja Vukelić,Serbia,100,60.0,15,9,57.29,51.75, , ,293.04,48.84,Silver
68,Khoi Duong Minh,Vietnam,70,47.0,11,100,10.00,55.00, , ,293.00,48.83,Silver
69,François Vogel,France,67,44.0,41,34,50.03,55.00, , ,291.03,48.51,Silver
70,Daniel Toh Jing En,Singapore,32,80.0,18,34,71.95,55.00, , ,290.95,48.49,Silver
71,Evan Lin,Australia,53,65.0,27,22,66.25,55.00, , ,288.25,48.04,Silver
72,Fedor Romashov,No country,55,48.5,41,34,70.97,38.10, , ,287.57,47.93,Silver
73,Filippo Casarin,Italy,32,72.0,41,34,51.61,55.00, , ,285.61,47.60,Silver
74,Yunus Taha Bingül,Türkiye,3,65.0,41,100,47.50,29.00, , ,285.50,47.58,Silver
75,Nghia Le Huu,Vietnam,9,30.0,4,100,89.33,48.50, , ,280.83,46.80,Silver
76,Deyan Hadzhi-Manich,Bulgaria,70,41.0,44,22,93.51,10.00, , ,280.51,46.75,Silver
77,Bao Truong Van Quoc,Vietnam,100,65.0,60,18,25.00,11.90, , ,279.90,46.65,Silver
Guest,Vannes Wijaya,Indonesia 2,46,65.0,41,100,10.00,17.35, , ,279.35,46.56,Silver
78,Zhambyl Maksotov,Kazakhstan,70,65.0,41,22,25.00,55.00, , ,278.00,46.33,Silver
79,Jhao-Syun Lai,Taiwan,18,38.0,41,61,64.35,55.00, , ,277.35,46.23,Silver
80,Aldas Lenkšas,Lithuania,18,38.0,41,34,90.77,55.00, , ,276.77,46.13,Silver
81,Joseph Oliver Lim,Indonesia,53,65.0,41,22,61.37,31.00, , ,273.37,45.56,Silver
82,Rafael Nascimento Soares,Brazil,53,65.0,27,34,57.61,34.00, , ,270.61,45.10,Silver
83,Charles Dai,France,18,56.0,14,100,25.00,55.00, , ,268.00,44.67,Silver
84,Carolina Moura,Brazil,67,65.0,27,18,57.27,31.00, , ,265.27,44.21,Silver
85,Ketevan Tsimakuridze,Georgia,100,10.0,41,18,54.65,39.40, , ,263.05,43.84,Silver
86,István Ádám Molnár,Hungary,46,90.0,37,25,10.00,55.00, , ,263.00,43.83,Silver
87,Mukhammadarif Sakhmoldin,Kazakhstan,70,30.0,23,22,57.94,55.00, , ,257.94,42.99,Silver
88,Daan de Groot,Netherlands,9,65.0,11,18,99.80,55.00, , ,257.80,42.97,Silver
89,Isaac Kai Sheng Hew,Malaysia,0,90.0,0,100,60.31,6.75, , ,257.06,42.84,Bronze
90,Matej Vojvodić,Croatia,32,42.5,18,9,99.89,55.00, , ,256.39,42.73,Bronze
91,Edward Xiao,Canada,47,60.0,27,34,57.14,31.00, , ,256.14,42.69,Bronze
92,Elazar Koren,Israel,70,45.5,41,34,10.00,55.00, , ,255.50,42.58,Bronze
93,Fatih Solak,Türkiye,46,65.0,44,34,10.00,55.00, , ,254.00,42.33,Bronze
94,Chon Hou Ye,"Macao, China",70,48.5,29,89,10.00,5.00, , ,251.50,41.92,Bronze
Guest,Andrew,Indonesia 2,46,48.5,41,34,50.41,31.00, , ,250.91,41.82,Bronze
95,Hua Zhi Vee,Malaysia,3,65.0,58,25,44.20,55.00, , ,250.20,41.70,Bronze
96,Yusuf Onur Usumez,Türkiye,47,48.5,0,61,60.31,31.00, , ,247.81,41.30,Bronze
97,Maximilliano Utomo Quok,Indonesia,32,65.0,4,89,47.50,10.00, , ,247.50,41.25,Bronze
98,David Memarnishvili,Georgia,100,65.0,0,0,65.18,11.90, , ,242.08,40.35,Bronze
99,Martin Kopchev,Bulgaria,67,5.0,29,18,83.01,39.40, , ,241.41,40.23,Bronze
100,Taimas Korganbayev,Kazakhstan,70,47.0,23,34,10.00,55.00, , ,239.00,39.83,Bronze
101,Hanks Chong,United Kingdom,53,56.0,41,22,10.00,55.00, , ,237.00,39.50,Bronze
Guest,Albert Ariel Putra,Indonesia 2,32,80.0,41,18,10.00,55.00, , ,236.00,39.33,Bronze
102,Andon Todorov,Bulgaria,32,80.0,41,34,10.00,38.25, , ,235.25,39.21,Bronze
103,Dzmitry Antashkevich,No country,3,65.0,41,61,10.00,55.00, , ,235.00,39.17,Bronze
104,Ansis Gustavs Andersons,Latvia,26,65.0,14,100,10.00,17.35, , ,232.35,38.73,Bronze
105,Aidar Munduzbaev,Kyrgyzstan,53,47.0,60,18,47.55,6.75, , ,232.30,38.72,Bronze
106,Arayi Khalatyan,Armenia,6,90.0,4,34,91.44,6.75, , ,232.19,38.70,Bronze
107,Andrei-Robert Ion,Romania,18,80.0,15,2,91.17,25.75, , ,231.92,38.65,Bronze
108,Benjamin Swart,Czech Republic,18,65.0,27,0,90.61,31.00, , ,231.61,38.60,Bronze
109,Krit Suwanpaiboon,Thailand,18,80.0,27,22,52.77,31.00, , ,230.77,38.46,Bronze
110,Ayman Riad Solh,Morocco,53,36.5,27,34,25.00,55.00, , ,230.50,38.42,Bronze
111,Marko Tanevski,North Macedonia,9,48.5,15,100,50.00,6.75, , ,229.25,38.21,Bronze
112,Pál Czanik,Hungary,18,56.0,27,22,50.71,55.00, , ,228.71,38.12,Bronze
113,Ritul Kumar Singh,India,32,51.5,27,34,50.03,31.00, , ,225.53,37.59,Bronze
114,Shao Qian Chew,Malaysia,78,0.0,23,61,57.14,5.00, , ,224.14,37.36,Bronze
Guest,Matthew Allan,Indonesia 2,100,0.0,0,34,57.75,31.00, , ,222.75,37.12,Bronze
115,Bogdan Tolstik,No country,64,48.5,41,22,38.28,6.75, , ,220.53,36.76,Bronze
116,Theofanis Orfanou,Cyprus,32,65.0,15,34,63.42,10.00, , ,219.42,36.57,Bronze
117,Chun Wong,"Hong Kong, China",12,65.0,41,34,10.00,55.00, , ,217.00,36.17,Bronze
118,Juan Carlo Vieri,Indonesia,67,48.5,41,22,10.00,25.75, , ,214.25,35.71,Bronze
119,Raphael Dylan Dalida,Philippines,18,80.0,4,18,84.19,10.00, , ,214.19,35.70,Bronze
120,Valerio Stancanelli,Italy,12,48.5,27,18,91.05,17.35, , ,213.90,35.65,Bronze
121,Md Nafis Ul Haque Shifat,Bangladesh,61,5.0,23,34,58.41,31.00, , ,212.41,35.40,Bronze
122,Debojoti Das Soumya,Bangladesh,46,0.0,41,22,47.51,55.00, , ,211.51,35.25,Bronze
123,Tsimafei Baliukonis,No country,40,48.5,23,18,59.35,22.50, , ,211.35,35.23,Bronze
124,Pedro Shinzato Chen,Brazil,38,65.0,0,2,50.03,55.00, , ,210.03,35.01,Bronze
125,Davide Bartoli,Italy,53,41.0,27,25,53.78,10.00, , ,209.78,34.96,Bronze
126,Zhiyi Luo,Belgium,67,56.0,4,13,10.00,55.00, , ,205.00,34.17,Bronze
127,Joel Au Heng Hoi,Singapore,46,48.5,41,34,25.00,10.00, , ,204.50,34.08,Bronze
128,Jeremiasz Preiss,Poland,9,80.0,15,34,10.00,51.75, , ,199.75,33.29,Bronze
129,Wai Lok Lai,"Hong Kong, China",3,0.0,23,100,58.35,10.00, , ,194.35,32.39,Bronze
130,Frederick Ivan Tan,Philippines,61,0.0,0,18,99.89,15.15, , ,194.04,32.34,Bronze
131,Minkyum Kim,South Africa,9,65.0,0,0,99.77,18.40, , ,192.17,32.03,Bronze
132,Hamlet Petrosyan,Armenia,18,42.5,41,25,10.00,55.00, , ,191.50,31.92,Bronze
133,Tong Sam Zheng,"Macao, China",53,41.0,4,13,61.79,17.35, , ,190.14,31.69,Bronze
134,Tengiz Bekkoyonov,Kyrgyzstan,18,30.0,27,34,25.00,55.00, , ,189.00,31.50,Bronze
135,Victor Purice,Moldova,18,48.5,29,18,42.47,31.00, , ,186.97,31.16,Bronze
136,Luka Mosiashvili,Georgia,61,36.5,27,22,25.00,14.10, , ,185.60,30.93,Bronze
137,Daryna Karpenko,Ukraine,26,65.0,27,2,53.20,11.90, , ,185.10,30.85,Bronze
138,Francesco Lugli,Italy,50,42.5,15,9,57.95,10.00, , ,184.45,30.74,Bronze
139,Thor Eriksen,Denmark,46,5.0,37,18,25.00,51.75, , ,182.75,30.46,Bronze
140,Teo Kitanovski,North Macedonia,18,65.0,4,18,71.39,5.00, , ,181.39,30.23,Bronze
141,Leandro Conte,Germany,46,60.0,27,2,10.00,36.15, , ,181.15,30.19,Bronze
142,Nicola Abusaad,Palestine,18,56.0,41,0,10.00,55.00, , ,180.00,30.00,Bronze
143,Shakhrom Aminov,Tajikistan,26,72.0,44,2,25.00,10.00, , ,179.00,29.83,Bronze
144,Egor Georgievskii,Montenegro,17,65.0,27,25,10.00,34.00, , ,178.00,29.67,Bronze
145,Gurbanberdi Gulladyyev,Turkmenistan,70,0.0,41,34,0.00,31.00, , ,176.00,29.33,Bronze
146,Hau Ye Heng,Malaysia,47,30.0,23,22,44.23,9.10, , ,175.33,29.22,Bronze
147,Alier Sanchez y Sanchez,Mexico,18,90.0,4,0,53.13,10.00, , ,175.13,29.19,Bronze
148,Elias Bauer,Switzerland,3,38.0,29,25,25.00,55.00, , ,175.00,29.17,Bronze
149,Benedikt Vilji Magnússon,Iceland,40,65.0,0,0,59.27,10.00, , ,174.27,29.05,Bronze
150,Martin Bierbaumer,Austria,46,65.0,4,2,50.00,6.75, , ,173.75,28.96,Bronze
150,Nicholas Grace,New Zealand,32,65.0,18,23,10.00,25.75, , ,173.75,28.96,Bronze
152,Josia John,Switzerland,3,65.0,27,0,47.50,30.75, , ,173.25,28.88,Bronze
153,Olle Lapidus,Sweden,9,51.5,0,0,99.89,11.90, , ,172.29,28.71,Bronze
154,Jangar Enkhbaatar,Mongolia,32,30.0,27,2,25.00,55.00, , ,171.00,28.50,Bronze
155,Daniyar Beishekeev,Kyrgyzstan,18,80.0,4,2,10.00,55.00, , ,169.00,28.17,Bronze
155,Matthias Pleschinger,Austria,3,72.0,4,25,10.00,55.00, , ,169.00,28.17,Bronze
157,Haris Imamovic,Bosnia and Herzegovina,3,65.0,0,22,61.06,17.35, , ,168.41,28.07,Bronze
158,Cynthia Naely López Estrada,Mexico,32,56.0,4,9,47.52,18.40, , ,166.92,27.82,Bronze
159,Filip Bojković,Serbia,100,30.0,0,0,10.00,25.75, , ,165.75,27.62,Bronze
160,Abdelmaged Nour,Egypt,3,42.5,27,22,59.62,10.00, , ,164.12,27.35,Bronze
161,Bat-Erdene Batsukh,Mongolia,18,30.0,4,2,57.92,51.75, , ,163.67,27.28,Bronze
162,Mohamed Bakry,Egypt,18,5.0,56,18,25.00,41.35, , ,163.35,27.23,Bronze
163,Amin Charba,Syria,18,38.0,15,0,61.06,31.00, , ,163.06,27.18,Bronze
164,Said Nasibov,Azerbaijan,64,65.0,0,0,0.00,34.00, , ,163.00,27.17,Bronze
165,Van Li,Kazakhstan,53,48.5,41,0,0.00,18.40, , ,160.90,26.82,Bronze
166,Rolly Mamani,Peru,46,5.0,4,22,25.00,55.00, , ,157.00,26.17,Bronze
167,Alejandro Ozymandias Cepeda Beltran,Mexico,18,38.0,23,7,62.57,6.75, , ,155.32,25.89,Bronze
168,Matīss Kristiņš,Latvia,53,56.0,4,22,10.00,10.00, , ,155.00,25.83,Bronze
169,Abdulaziz Alshibli,Saudi Arabia,18,65.0,27,2,10.00,31.00, , ,153.00,25.50,Bronze
170,Johann Gaulke,Germany,18,41.0,18,34,10.00,31.00, , ,152.00,25.33,Bronze
171,Sergio Domínguez Alonso,Spain,18,38.0,15,9,58.54,11.90, , ,150.44,25.07,Bronze
172,Hazem Dalati,Syria,53,30.0,4,22,10.00,31.00, , ,150.00,25.00,Bronze
173,Daniel Skýpala,Czech Republic,12,65.0,27,0,10.00,34.00, , ,148.00,24.67,Bronze
174,Leo Varis,Finland,9,45.5,4,2,45.45,41.35, , ,147.30,24.55,Bronze
175,Harshin Posina,India,18,56.0,18,0,0.00,55.00, , ,147.00,24.50,Bronze
175,Henrik Aalto,Finland,18,56.0,4,34,25.00,10.00, , ,147.00,24.50,Bronze
177,Demetris Chrysostomou,Cyprus,18,50.0,4,9,10.00,55.00, , ,146.00,24.33,Honourable Mention
178,Jakub Konc,Slovakia,12,51.5,4,16,50.00,11.90, , ,145.40,24.23,Honourable Mention
179,Ojas Gulati,United Kingdom,3,80.0,0,0,10.00,50.00, , ,143.00,23.83,Honourable Mention
180,Niklas Leinert,Germany,3,30.0,56,18,25.00,10.00, , ,142.00,23.67,Honourable Mention
180,Talant Diykanbaev,Kyrgyzstan,18,5.0,4,100,10.00,5.00, , ,142.00,23.67,Honourable Mention
182,Márton Németh,Hungary,17,65.0,4,0,0.00,55.15, , ,141.15,23.52,Honourable Mention
183,Salman Elgamal,Egypt,0,60.0,0,16,10.00,55.00, , ,141.00,23.50,Honourable Mention
184,Pitakpong Kapincharanont,Thailand,12,56.0,0,2,60.65,10.00, , ,140.65,23.44,Honourable Mention
185,Lorenzo Ferrari,Denmark,46,5.0,4,18,10.00,55.00, , ,138.00,23.00,Honourable Mention
186,Alberto Leyva Guerra,Cuba,18,38.0,0,0,50.03,31.00, , ,137.03,22.84,Honourable Mention
187,Matija Likar,Slovenia,12,38.0,27,18,10.00,31.00, , ,136.00,22.67,
188,Benjamin Mujkić,Bosnia and Herzegovina,53,0.0,41,0,10.00,31.00, , ,135.00,22.50,Honourable Mention
188,Jakob Rødal Skaar,Norway,32,38.0,0,0,10.00,55.00, , ,135.00,22.50,Honourable Mention
190,Ivan Janjić,Croatia,3,36.5,11,0,49.74,34.00, , ,134.24,22.37,Honourable Mention
191,Alice Tosel,France,3,30.0,37,25,10.00,29.00, , ,134.00,22.33,
191,Victor Vorona,Moldova,9,65.0,23,2,25.00,10.00, , ,134.00,22.33,Honourable Mention
193,Darío Martínez Ramírez,Spain,12,65.0,15,0,10.00,31.00, , ,133.00,22.17,Honourable Mention
194,Marko Tsengov,Estonia,23,72.0,0,18,10.00,6.75, , ,129.75,21.62,Honourable Mention
195,Pieterjan Vandecasteele,Belgium,18,5.0,29,13,54.65,10.00, , ,129.65,21.61,Honourable Mention
196,Augustinas Jučas,Lithuania,18,48.5,0,22,10.00,31.00, , ,129.50,21.58,
197,Cassidy Kyler Tan,Philippines,18,65.0,4,22,10.00,10.00, , ,129.00,21.50,Honourable Mention
198,Lőrinc Máté,Hungary,18,0.0,0,0,55.48,55.00, , ,128.48,21.41,Honourable Mention
199,Christos Falas,Cyprus,9,65.0,4,9,10.00,31.00, , ,128.00,21.33,Honourable Mention
200,Tiago Marques,Portugal,18,48.5,18,22,10.00,10.00, , ,126.50,21.08,Honourable Mention
201,Chi Ho Wang,"Hong Kong, China",12,42.5,41,9,10.00,10.00, , ,124.50,20.75,Honourable Mention
202,Elias Lolck,Denmark,18,60.0,0,2,25.00,19.25, , ,124.25,20.71,Honourable Mention
203,Peeter Aleksander Randla,Estonia,3,80.0,4,22,10.00,5.00, , ,124.00,20.67,Honourable Mention
204,Valijonov Dilyorbek,Uzbekistan,18,56.0,4,25,10.00,10.00, , ,123.00,20.50,Honourable Mention
205,David S. Eikeland,Norway,9,80.0,4,2,10.00,17.35, , ,122.35,20.39,Honourable Mention
206,Zalan Varga,New Zealand,18,41.0,4,0,47.57,10.00, , ,120.57,20.09,
207,Amine Oueslati,Tunisia,32,38.0,0,9,10.00,31.00, , ,120.00,20.00,
207,Petar Vitorac,Belgium,3,56.0,18,2,10.00,31.00, , ,120.00,20.00,
209,Victor Vatn,Sweden,14,0.0,27,0,25.00,51.75, , ,117.75,19.62,Honourable Mention
210,Malte Rosenkilde,Denmark,53,38.0,0,0,10.00,15.15, , ,116.15,19.36,Honourable Mention
211,Lucas Hernán Tarche,Argentina,9,65.0,4,2,10.00,25.75, , ,115.75,19.29,Honourable Mention
212,Valters Kalniņš,Latvia,18,48.5,11,18,10.00,8.40, , ,113.90,18.98,
213,Markos Radaios,Greece,9,41.0,4,2,47.50,10.00, , ,113.50,18.92,
214,Nabil Boudra,Morocco,46,10.0,15,22,10.00,10.00, , ,113.00,18.83,
215,Enerelt Delgerdalai,Mongolia,12,0.0,41,18,10.00,31.00, , ,112.00,18.67,
216,Faruk Ibrahimović,Bosnia and Herzegovina,12,45.5,0,13,10.00,31.00, , ,111.50,18.58,
217,Vladislav Morozov,Belgium,3,65.0,0,2,10.00,31.00, , ,111.00,18.50,
218,Jakub Drobný,Slovakia,18,0.0,15,2,58.35,17.35, , ,110.70,18.45,Honourable Mention
219,Linus Lüchinger,Switzerland,3,47.0,4,0,25.00,31.00, , ,110.00,18.33,
220,Amir El Arbi,Tunisia,12,41.0,27,13,10.00,6.75, , ,109.75,18.29,Honourable Mention
221,Jarif Rahman,Bangladesh,12,0.0,0,2,61.72,34.00, , ,109.72,18.29,Honourable Mention
222,Ariya Hemmati,Iran,32,0.0,23,34,10.00,10.00, , ,109.00,18.17,
222,Qiushi Chen,New Zealand,18,30.0,4,2,0.00,55.00, , ,109.00,18.17,
224,Almothana Alzahrani,Saudi Arabia,3,38.0,4,0,53.60,10.00, , ,108.60,18.10,
225,Mok Wattanasopon,Thailand,12,60.0,0,9,10.00,17.35, , ,108.35,18.06,
226,Hedi Chehaidar,Tunisia,32,30.0,4,22,10.00,10.00, , ,108.00,18.00,
226,Ján Gottweis,Slovakia,9,5.0,27,2,10.00,55.00, , ,108.00,18.00,Honourable Mention
228,César Esaú Flores Martínez,El Salvador,12,53.0,0,0,10.00,31.00, , ,106.00,17.67,
229,Dilshod Imomov,Tajikistan,18,30.0,15,0,10.00,31.00, , ,104.00,17.33,
230,Antwan Dabbous,Syria,18,5.0,27,2,10.00,41.35, , ,103.35,17.23,
231,Robert Jaworski,Czech Republic,0,65.0,0,18,10.00,10.00, , ,103.00,17.17,
232,Väinö Mäkelä,Finland,9,30.0,4,9,10.00,39.40, , ,101.40,16.90,
233,Olivia Tennisberg,Estonia,3,53.0,0,2,10.00,31.00, , ,99.00,16.50,
234,Manuel Torres Cid,Spain,18,5.0,15,0,50.63,10.00, , ,98.63,16.44,
235,Belgutei Byambadorj,Mongolia,53,0.0,15,9,10.00,10.00, , ,97.00,16.17,
236,Tiago Sousa,Portugal,18,30.0,4,2,10.00,31.00, , ,95.00,15.83,
237,Alexander Wahlsten,Sweden,40,0.0,0,7,47.55,0.00, , ,94.55,15.76,
238,Hugo Domínguez Santana,Spain,18,30.0,4,13,10.00,18.40, , ,93.40,15.57,
239,Fuad Garayev,Azerbaijan,18,30.0,15,9,10.00,10.00, , ,92.00,15.33,
240,Diego Fernando Ortiz Tepedino,Venezuela,53,5.0,4,9,10.00,10.00, , ,91.00,15.17,
241,Filbert Ephraim Wu,Philippines,32,10.0,4,2,25.00,17.35, , ,90.35,15.06,
242,Lukas Münzel,Switzerland,17,30.0,0,2,10.00,31.00, , ,90.00,15.00,
243,Ulises López Pacholczak,Argentina,3,30.0,0,2,47.51,6.75, , ,89.26,14.88,
244,George Chkhaidze,Georgia,9,5.0,41,0,25.00,6.75, , ,86.75,14.46,
245,Lukáš Tomoszek,Czech Republic,18,36.5,15,13,0.00,3.50, , ,86.00,14.33,
246,Jonas Elvedal Hole,Norway,9,54.5,0,2,10.00,10.00, , ,85.50,14.25,
247,Yann Viegas,France,18,30.0,15,2,10.00,10.00, , ,85.00,14.17,
248,Angie Alcantara,Peru,44,0.0,15,2,10.00,10.00, , ,81.00,13.50,
249,Kamanun Maneesri,Thailand,53,5.0,4,2,10.00,6.75, , ,80.75,13.46,
250,Kregor Ööbik,Estonia,3,5.0,0,18,25.00,25.75, , ,76.75,12.79,Honourable Mention
251,Samvel Abelyan,Armenia,18,36.5,0,2,10.00,10.00, , ,76.50,12.75,
252,Toby Collins,United Kingdom,12,30.0,4,0,10.00,18.40, , ,74.40,12.40,
253,Ayushi Mahajan,Ireland,9,41.0,0,2,10.00,10.00, , ,72.00,12.00,
253,Isaac Lee,Ireland,9,41.0,0,2,10.00,10.00, , ,72.00,12.00,
253,José Manuel Cabrera Guardado,El Salvador,9,0.0,27,0,10.00,26.00, , ,72.00,12.00,
256,Bernard Ibrahimcha,Syria,12,30.0,4,6,0.00,18.40, , ,70.40,11.73,
257,Adeeb AlShehry,Saudi Arabia,9,5.0,4,2,39.06,10.00, , ,69.06,11.51,
258,Jorge Costa,Portugal,0,0.0,0,9,52.63,6.75, , ,68.38,11.40,Honourable Mention
259,Kirill Zolotuskiy,Iceland,0,48.5,0,2,10.00,6.75, , ,67.25,11.21,
260,Dilshodbek Khujaev,Uzbekistan,9,5.0,11,13,10.00,18.40, , ,66.40,11.07,
261,Mohamed Ali Saidane,Tunisia,3,5.0,4,18,10.00,25.75, , ,65.75,10.96,
262,Juan Pablo Amezcua González,Mexico,3,36.5,4,2,10.00,10.00, , ,65.50,10.92,
263,Gagik Gevorgyan,Armenia,12,0.0,15,18,10.00,10.00, , ,65.00,10.83,
263,Mohammed Atalah,Palestine,9,30.0,4,2,10.00,10.00, , ,65.00,10.83,
263,Nedas Bolevičius,Lithuania,0,0.0,0,0,10.00,55.00, , ,65.00,10.83,Honourable Mention
266,Sokratis Iliadis,Greece,18,5.0,4,0,10.00,25.75, , ,62.75,10.46,
267,Joris Pevcevičius,Lithuania,9,36.5,0,2,10.00,5.00, , ,62.50,10.42,
268,Jair Rafael Santana Benzan,Dominican Republic,26,5.0,15,2,10.00,1.75, , ,59.75,9.96,
269,Jakob Žorž,Slovenia,18,0.0,0,0,39.86,1.75, , ,59.61,9.94,
270,Svyatoslav Kim,Uzbekistan,3,0.0,11,0,10.00,34.00, , ,58.00,9.67,
271,Benjamin Kleyn,South Africa,12,5.0,0,13,10.00,17.35, , ,57.35,9.56,
272,Voris Rahimov,Tajikistan,12,0.0,23,2,10.00,10.00, , ,57.00,9.50,
273,Fidan Huseynova,Azerbaijan,18,5.0,4,9,10.00,10.00, , ,56.00,9.33,
273,Phoebe Zhang,New Zealand,32,5.0,4,0,10.00,5.00, , ,56.00,9.33,
275,Veaceslav Guzun,Moldova,32,0.0,0,7,10.00,6.75, , ,55.75,9.29,
276,Hok Fong Wong,"Macao, China",9,5.0,4,9,10.00,17.35, , ,54.35,9.06,
277,Krišjānis Petručeņa,Latvia,18,10.0,4,2,10.00,10.00, , ,54.00,9.00,
278,Angelo Torres,Peru,9,10.0,4,2,10.00,17.35, , ,52.35,8.72,
279,John Mauris López Ramos,Cuba,9,36.5,0,0,0.00,6.75, , ,52.25,8.71,
280,Diego Arias,Chile,18,5.0,4,0,25.00,0.00, , ,52.00,8.67,
281,Ahmad Moursi,Egypt,9,5.0,0,0,10.00,27.50, , ,51.50,8.58,
282,Sohaib Sawalha,Palestine,32,5.0,4,0,10.00,0.00, , ,51.00,8.50,
283,Musharraf Shukrulloev,Tajikistan,18,0.0,4,0,10.00,18.40, , ,50.40,8.40,
284,Olaf Herman,Netherlands,0,38.0,0,2,0.00,10.00, , ,50.00,8.33,
285,Daner Zein Tonconi Mendoza,Bolivia,18,5.0,4,2,10.00,10.00, , ,49.00,8.17,
285,Toni Škrijelj,Serbia,3,5.0,15,0,0.00,26.00, , ,49.00,8.17,
287,Fernando Andreé González Meléndez,El Salvador,9,5.0,4,9,10.00,10.00, , ,47.00,7.83,
287,Jona Bedaux,Netherlands,3,0.0,0,0,10.00,34.00, , ,47.00,7.83,
287,Roba Katout,Palestine,18,5.0,4,0,10.00,10.00, , ,47.00,7.83,
290,Chirath Nirodha,Sri Lanka,18,0.0,11,2,10.00,5.00, , ,46.00,7.67,
291,Marcelo Lemus,Chile,3,5.0,0,2,10.00,25.75, , ,45.75,7.62,
292,Minindu Jayasekara,Sri Lanka,9,5.0,4,0,10.00,17.35, , ,45.35,7.56,
292,Panagiotis Chatzikostas,Cyprus,12,0.0,4,2,10.00,17.35, , ,45.35,7.56,
294,Erik Hedin,Sweden,12,5.0,23,0,0.00,5.00, , ,45.00,7.50,
295,Marian Soltan,Moldova,9,5.0,0,2,10.00,18.40, , ,44.40,7.40,
296,Emmanuel Rassou,South Africa,18,0.0,4,2,10.00,10.00, , ,44.00,7.33,
297,Benjamin Faltin,Ireland,9,10.0,4,2,0.00,18.40, , ,43.40,7.23,
298,Khusanboy Mansuraliev,Uzbekistan,9,5.0,4,2,10.00,10.00, , ,40.00,6.67,
298,Moyinoluwa David Orimoloye,Nigeria,9,5.0,4,2,10.00,10.00, , ,40.00,6.67,
300,Sofija Velkovska,North Macedonia,3,5.0,11,0,10.00,10.00, , ,39.00,6.50,
301,Thomas Riedle,Austria,3,5.0,0,2,10.00,17.35, , ,37.35,6.22,
302,Elias Simojoki,Finland,3,5.0,0,9,10.00,10.00, , ,37.00,6.17,
303,Abdulmohsen Mohammedsaleh,Saudi Arabia,3,0.0,11,2,10.00,10.00, , ,36.00,6.00,
303,Alejandro Castro,Bolivia,9,5.0,0,2,10.00,10.00, , ,36.00,6.00,
303,Bor Brudar,Slovenia,9,5.0,0,2,10.00,10.00, , ,36.00,6.00,
303,Gilberto Rodrigo Pierre Gosset Gonzales,Bolivia,9,5.0,0,2,10.00,10.00, , ,36.00,6.00,
307,Akram El Omrani,Morocco,9,0.0,11,2,10.00,3.50, , ,35.50,5.92,
308,Juan Diego Marcano Cuellar,Venezuela,9,0.0,4,2,10.00,10.00, , ,35.00,5.83,
308,Ruadhán Mac Giolla Phádraig,Ireland,9,0.0,4,2,10.00,10.00, , ,35.00,5.83,
310,Daniel Emeka-Ilozor,Nigeria,18,0.0,0,2,10.00,3.50, , ,33.50,5.58,
311,Emira Ibrahimovic,Bosnia and Herzegovina,3,0.0,11,2,0.00,17.35, , ,33.35,5.56,
312,Joseph Achimugu,Nigeria,9,0.0,4,2,10.00,6.75, , ,31.75,5.29,
312,Soufien El Mazlouzi,Morocco,9,0.0,4,2,10.00,6.75, , ,31.75,5.29,
314,Thomas Wachter,Austria,9,5.0,0,0,10.00,6.75, , ,30.75,5.12,
315,Kiara González,Colombia,3,5.0,0,2,10.00,10.00, , ,30.00,5.00,
316,Daniel Murphy,Luxembourg,3,0.0,4,2,10.00,10.00, , ,29.00,4.83,
316,Shithila Mahabaduge,Sri Lanka,3,0.0,4,2,10.00,10.00, , ,29.00,4.83,
316,Thanh-Viêt Jean Nguyen,Luxembourg,9,0.0,0,0,10.00,10.00, , ,29.00,4.83,
319,Muhammad Saad,Jordan,9,0.0,0,2,10.00,6.75, , ,27.75,4.62,
320,Bryan Mauricio,Peru,3,0.0,4,0,10.00,10.00, , ,27.00,4.50,
321,Adrian Dobbe Flemmen,Norway,18,0.0,0,2,0.00,6.75, , ,26.75,4.46,
322,Pierre Roth,Luxembourg,9,5.0,0,2,10.00,0.00, , ,26.00,4.33,
323,Rubdary Valentina Rojas Linarez,Venezuela,3,0.0,4,2,10.00,6.75, , ,25.75,4.29,
324,Malik Sadaqa,Jordan,3,0.0,0,2,10.00,10.00, , ,25.00,4.17,
324,Orazmuhammet Begenjov,Turkmenistan,9,0.0,4,2,10.00,0.00, , ,25.00,4.17,
326,Alex Blanchard,Chile,3,5.0,0,0,10.00,6.75, , ,24.75,4.12,
327,Einar Andri Víðisson,Iceland,3,0.0,0,0,10.00,10.00, , ,23.00,3.83,
328,Ernesto David Serize Portela,Cuba,0,0.0,0,2,10.00,10.00, , ,22.00,3.67,
328,Omar Afandi,Azerbaijan,3,5.0,4,0,0.00,10.00, , ,22.00,3.67,
328,Tomás Faria,Portugal,0,0.0,0,2,10.00,10.00, , ,22.00,3.67,
331,Miguel Sáenz,Colombia,3,0.0,0,2,10.00,6.75, , ,21.75,3.62,
331,Raed Naseer,Jordan,3,0.0,0,2,10.00,6.75, , ,21.75,3.62,
333,Juan Ignacio Cantarella,Argentina,9,0.0,0,2,10.00,0.00, , ,21.00,3.50,
334,Apiram Rajamohan,Sri Lanka,3,0.0,0,0,10.00,6.75, , ,19.75,3.29,
335,Panagiotis Liampas,Greece,0,0.0,0,9,10.00,0.00, , ,19.00,3.17,
336,Diego Emilio Rebollo García,Chile,3,5.0,0,0,0.00,10.00, , ,18.00,3.00,
336,Jeremías Figueiredo Paschmann,Argentina,3,0.0,0,0,10.00,5.00, , ,18.00,3.00,
338,Andreas Rasvanis,Greece,3,0.0,4,2,0.00,6.75, , ,15.75,2.62,
338,Cristofer Adonis Vásquez Estrada,El Salvador,3,0.0,4,2,0.00,6.75, , ,15.75,2.62,
340,Kenna Nemera,South Africa,3,0.0,0,2,0.00,10.00, , ,15.00,2.50,
341,Rejepmyrat Shemsetdinov,Turkmenistan,3,0.0,0,0,10.00,0.00, , ,13.00,2.17,
342,Shamir Leonardo Terán Mustafá,Bolivia,9,0.0,0,2,0.00,1.75, , ,12.75,2.12,
343,Adam Hustava,Luxembourg,3,5.0,0,0,0.00,0.00, , ,8.00,1.33,
344,Mauricio Bacca Peña,Colombia,0,0.0,0,0,0.00,6.75, , ,6.75,1.12,
345,Daniel Francisco Hello Puccini,Colombia,3,0.0,0,2,0.00,0.00, , ,5.00,0.83,
346,Ayomipe Treasure Moyinlorun,Nigeria,0,0.0,0,0,0.00,0.00, , ,0.00,0.00,
346,Jahir Manuel Cajas Toapanta,Ecuador,0,0.0,0,0,0.00,0.00, , ,0.00,0.00,
346,Michael Poveda,Ecuador,0,0.0,0,0,0.00,0.00, , ,0.00,0.00,
346,Steven Mera,Ecuador,0,0.0,0,0,0.00,0.00, , ,0.00,0.00,
